timestamp,open,high,low,close,volume
2021-01-04,150.0,154.95,146.95,151.9,5976775.0
2021-01-05,152.12,152.62,147.89,148.39,5301197.0
2021-01-06,148.4,148.57,147.07,147.24,8041145.0
2021-01-07,147.38,150.76,139.05,142.43,6995276.0
2021-01-08,142.28,142.81,138.74,139.27,5853318.0
2021-01-11,138.68,139.84,133.7,134.86,3393748.0
2021-01-12,135.11,136.15,133.3,134.35,7092856.0
2021-01-13,134.54,136.18,129.78,131.42,4197722.0
2021-01-14,131.46,133.67,129.88,132.09,2589751.0
2021-01-15,132.11,134.19,130.42,132.5,7299114.0
2021-01-18,132.77,133.57,131.3,132.1,6179785.0
2021-01-19,131.98,132.82,125.57,126.41,4953510.0
2021-01-20,126.23,126.46,125.02,125.25,5371469.0
2021-01-21,125.21,125.22,125.17,125.19,7076549.0
2021-01-22,125.48,126.78,124.18,125.48,3688985.0
2021-01-25,125.13,125.86,121.44,122.17,8245330.0
2021-01-26,122.46,125.08,118.57,121.19,2749791.0
2021-01-27,121.03,121.58,118.61,119.15,5754080.0
2021-01-28,118.89,119.39,117.0,117.5,6574552.0
2021-01-29,117.8,120.1,117.45,119.76,2757768.0
2021-02-01,119.73,120.12,117.72,118.1,3867025.0
2021-02-02,117.79,119.61,116.26,118.07,6552849.0
2021-02-03,117.99,120.71,117.24,119.97,5931060.0
2021-02-04,120.19,120.42,118.55,118.78,6180315.0
2021-02-05,119.06,119.87,117.76,118.58,6040477.0
2021-02-08,118.48,120.57,116.76,118.85,3766617.0
2021-02-09,118.94,120.51,117.45,119.02,2176458.0
2021-02-10,119.19,119.63,116.07,116.51,7643168.0
2021-02-11,116.36,117.9,115.17,116.71,2740656.0
2021-02-12,116.79,119.66,116.71,119.57,5248385.0
2021-02-15,119.57,120.88,115.08,116.39,7834021.0
2021-02-16,116.27,119.5,114.98,118.21,2448504.0
2021-02-17,118.09,120.45,116.13,118.49,6330914.0
2021-02-18,118.51,118.88,116.83,117.2,2489588.0
2021-02-19,117.21,122.84,115.81,121.45,2986136.0
2021-02-22,121.31,124.46,119.98,123.13,3505927.0
2021-02-23,123.02,123.42,120.2,120.59,4428270.0
2021-02-24,120.86,122.3,119.35,120.79,5681310.0
2021-02-25,120.84,122.08,120.82,122.06,4278766.0
2021-02-26,122.28,123.82,120.15,121.69,6959915.0
2021-03-01,121.99,124.31,120.88,123.21,2558963.0
2021-03-02,123.35,124.29,122.17,123.1,2603377.0
2021-03-03,123.66,125.26,123.0,124.6,3533493.0
2021-03-04,124.39,128.38,123.86,127.84,2296274.0
2021-03-05,128.05,128.36,126.06,126.37,3682152.0
2021-03-08,126.29,127.16,125.98,126.86,5796662.0
2021-03-09,127.33,128.65,124.55,125.87,6191621.0
2021-03-10,126.3,126.98,125.51,126.19,4486799.0
2021-03-11,125.7,127.97,121.35,123.62,4146049.0
2021-03-12,123.38,123.51,122.26,122.4,4792307.0
2021-03-15,122.56,123.83,120.74,122.01,5418688.0
2021-03-16,122.21,124.12,122.09,124.0,7253523.0
2021-03-17,124.19,126.9,123.86,126.57,3080444.0
2021-03-18,126.56,129.22,121.03,123.69,8040345.0
2021-03-19,123.8,124.2,121.61,122.01,4499061.0
2021-03-22,122.17,125.12,120.5,123.45,8070558.0
2021-03-23,123.43,124.33,118.32,119.22,4256953.0
2021-03-24,119.47,119.87,117.89,118.29,6838538.0
2021-03-25,117.76,120.82,115.06,118.13,4809151.0
2021-03-26,118.28,121.08,118.01,120.81,2153921.0
2021-03-29,120.56,125.72,118.36,123.52,2356018.0
2021-03-30,123.76,126.09,119.95,122.29,2993512.0
2021-03-31,122.23,123.04,120.09,120.9,5767983.0
2021-04-01,120.69,122.22,118.45,119.98,5655281.0
2021-04-02,120.07,130.29,115.75,125.97,3421394.0
2021-04-05,125.74,127.39,122.66,124.31,8046918.0
2021-04-06,124.08,125.5,121.74,123.16,4093321.0
2021-04-07,122.77,125.3,122.05,124.58,2572256.0
2021-04-08,124.58,126.99,121.73,124.14,5430358.0
2021-04-09,124.27,124.31,123.36,123.41,5185249.0
2021-04-12,123.66,124.26,118.56,119.16,2973749.0
2021-04-13,119.12,124.43,113.85,119.15,4383658.0
2021-04-14,119.4,120.74,116.18,117.52,6054189.0
2021-04-15,117.53,123.25,116.27,121.99,4934254.0
2021-04-16,121.97,125.63,120.93,124.59,4444653.0
2021-04-19,124.73,127.91,121.36,124.53,3619649.0
2021-04-20,124.8,130.83,121.21,127.25,4653250.0
2021-04-21,127.16,127.8,125.28,125.92,3741868.0
2021-04-22,125.86,132.76,123.34,130.24,3468806.0
2021-04-23,130.2,133.76,126.7,130.26,3431949.0
2021-04-26,130.28,134.05,128.96,132.73,2863592.0
2021-04-27,132.5,134.47,125.47,127.44,2940978.0
2021-04-28,127.71,129.49,127.11,128.9,3850234.0
2021-04-29,128.79,128.94,122.06,122.21,6180568.0
2021-04-30,122.32,122.51,114.41,114.6,2956430.0
2021-05-03,114.41,114.41,113.53,113.53,4811282.0
2021-05-04,113.61,115.95,108.03,110.37,6480105.0
2021-05-05,110.45,111.24,110.19,110.98,6375701.0
2021-05-06,110.89,119.56,110.54,119.22,5852237.0
2021-05-07,119.7,120.31,115.53,116.15,6302227.0
2021-05-10,116.23,116.97,113.16,113.9,5673682.0
2021-05-11,114.31,116.64,112.35,114.68,7867760.0
2021-05-12,114.9,117.65,113.79,116.53,7425988.0
2021-05-13,116.38,116.49,115.8,115.92,4105558.0
2021-05-14,115.83,117.07,113.96,115.2,2358897.0
2021-05-17,115.3,118.1,115.03,117.83,7783033.0
2021-05-18,117.85,121.23,116.45,119.83,2100180.0
2021-05-19,119.84,124.27,111.57,116.0,4732815.0
2021-05-20,115.93,118.86,112.82,115.75,3468304.0
2021-05-21,115.33,116.91,114.33,115.91,5984169.0
2021-05-24,115.86,115.98,112.02,112.13,2331333.0
2021-05-25,111.63,117.82,106.91,113.1,6998902.0
2021-05-26,113.18,113.86,109.42,110.09,6171597.0
2021-05-27,109.93,113.77,109.75,113.58,4786268.0
2021-05-28,113.42,114.97,112.76,114.31,2038407.0
2021-05-31,114.26,115.34,113.59,114.67,4716729.0
2021-06-01,114.74,117.76,109.55,112.58,5625634.0
2021-06-02,112.26,112.3,112.15,112.19,5852897.0
2021-06-03,111.8,116.01,101.12,105.33,5126347.0
2021-06-04,105.1,106.81,99.94,101.64,2951841.0
2021-06-07,101.23,104.22,99.87,102.86,3201740.0
2021-06-08,102.66,104.49,94.33,96.16,6242899.0
2021-06-09,96.47,102.24,93.05,98.82,3685122.0
2021-06-10,98.61,99.2,92.93,93.52,2997006.0
2021-06-11,93.64,95.93,93.53,95.82,4587174.0
2021-06-14,95.56,97.2,91.67,93.31,3618936.0
2021-06-15,93.37,97.97,91.08,95.68,4691611.0
2021-06-16,95.62,98.14,93.58,96.11,5809921.0
2021-06-17,96.1,96.7,90.96,91.56,3433184.0
2021-06-18,91.66,97.83,89.13,95.3,8764936.0
2021-06-21,95.63,97.92,95.49,97.78,2994079.0
2021-06-22,97.82,97.92,97.59,97.7,8024014.0
2021-06-23,97.72,98.08,96.9,97.26,4248150.0
2021-06-24,97.07,97.77,96.31,97.02,3594268.0
2021-06-25,97.13,97.52,95.0,95.39,6571896.0
2021-06-28,95.34,98.06,94.58,97.29,3045206.0
2021-06-29,97.45,97.99,95.85,96.39,5906205.0
2021-06-30,96.38,97.93,94.79,96.34,5125382.0
2021-07-01,96.67,98.61,93.09,95.03,7293674.0
2021-07-02,94.65,94.77,93.9,94.01,4802239.0
2021-07-05,93.96,94.36,91.54,91.95,3632449.0
2021-07-06,92.11,94.53,91.62,94.04,4561077.0
2021-07-07,93.97,94.92,92.87,93.81,2721266.0
2021-07-08,93.66,95.6,93.52,95.46,6948713.0
2021-07-09,95.4,96.56,94.35,95.51,2859287.0
2021-07-12,95.24,95.94,93.68,94.38,6488086.0
2021-07-13,94.4,94.5,93.76,93.86,4369560.0
2021-07-14,94.32,94.48,92.81,92.97,5530177.0
2021-07-15,93.18,93.55,92.65,93.01,4434131.0
2021-07-16,92.81,93.05,92.19,92.43,5842512.0
2021-07-19,92.27,93.78,90.46,91.97,6659395.0
2021-07-20,91.89,92.46,89.22,89.79,5891688.0
2021-07-21,89.97,90.24,88.28,88.55,5438840.0
2021-07-22,88.4,91.35,88.25,91.2,6591755.0
2021-07-23,91.07,92.01,89.21,90.15,4902719.0
2021-07-26,90.31,91.45,87.38,88.52,7988899.0
2021-07-27,88.67,90.11,87.64,89.08,2635586.0
2021-07-28,89.01,92.1,88.26,91.35,8251907.0
2021-07-29,91.14,92.6,87.6,89.06,3724377.0
2021-07-30,88.78,90.12,87.43,88.76,7963886.0
2021-08-02,88.64,89.32,87.12,87.81,5767385.0
2021-08-03,87.41,88.48,84.08,85.15,7825360.0
2021-08-04,85.27,86.87,84.69,86.29,2290015.0
2021-08-05,86.18,86.73,85.72,86.28,2631712.0
2021-08-06,86.36,87.86,84.91,86.41,2776976.0
2021-08-09,86.74,86.76,85.27,85.3,4897537.0
2021-08-10,85.5,87.18,84.34,86.02,2196415.0
2021-08-11,85.82,86.91,84.14,85.23,6880387.0
2021-08-12,85.38,86.2,84.22,85.04,7411885.0
2021-08-13,85.24,85.84,82.82,83.42,3986851.0
2021-08-16,83.3,83.36,81.61,81.68,3892587.0
2021-08-17,81.52,84.21,80.96,83.65,6038941.0
2021-08-18,83.63,84.35,82.22,82.93,7401258.0
2021-08-19,82.67,83.68,82.37,83.39,2367430.0
2021-08-20,83.63,83.67,83.32,83.36,5090851.0
2021-08-23,82.96,83.68,82.02,82.74,3297008.0
2021-08-24,82.56,84.08,80.51,82.03,5114963.0
2021-08-25,81.99,83.54,81.42,82.97,4548066.0
2021-08-26,82.94,83.9,81.6,82.56,4438810.0
2021-08-27,82.59,82.59,82.36,82.37,2440562.0
2021-08-30,82.41,83.05,81.79,82.42,7385351.0
2021-08-31,82.39,84.61,81.96,84.18,4828973.0
2021-09-01,84.37,86.87,82.72,85.22,7681522.0
2021-09-02,84.86,87.07,83.61,85.83,3449110.0
2021-09-03,85.83,86.31,84.52,85.0,7283241.0
2021-09-06,84.88,84.96,82.91,82.98,7695014.0
2021-09-07,83.01,85.56,81.86,84.41,6985742.0
2021-09-08,84.45,86.12,84.22,85.89,4112974.0
2021-09-09,85.73,85.87,85.57,85.71,6078920.0
2021-09-10,85.6,89.03,83.12,86.56,4407204.0
2021-09-13,86.69,87.36,86.64,87.3,8004047.0
2021-09-14,87.36,89.27,86.19,88.1,6991943.0
2021-09-15,87.98,89.37,87.6,88.99,4606450.0
2021-09-16,89.36,89.42,88.53,88.59,5435513.0
2021-09-17,89.0,90.77,88.28,90.05,7885233.0
2021-09-20,89.79,90.28,88.41,88.9,2391572.0
2021-09-21,88.96,89.95,88.75,89.74,3340612.0
2021-09-22,90.19,90.44,90.0,90.24,3357300.0
2021-09-23,90.38,91.21,90.29,91.11,2194230.0
2021-09-24,91.15,93.5,90.63,92.97,6003199.0
2021-09-27,92.93,94.94,92.46,94.47,6389076.0
2021-09-28,94.37,94.69,93.04,93.36,3312395.0
2021-09-29,93.32,93.61,91.45,91.74,6814261.0
2021-09-30,91.64,93.38,90.83,92.57,3580385.0
2021-10-01,92.7,93.16,91.15,91.61,7525737.0
2021-10-04,91.53,92.0,91.15,91.62,5739867.0
2021-10-05,91.54,93.42,90.59,92.47,4969935.0
2021-10-06,92.25,92.29,90.86,90.9,5226759.0
2021-10-07,90.89,91.3,88.52,88.92,3298323.0
2021-10-08,88.77,89.41,88.55,89.2,3644363.0
2021-10-11,89.16,89.4,89.03,89.27,3970977.0
2021-10-12,89.45,90.08,88.43,89.06,5396990.0
2021-10-13,89.13,89.87,88.39,89.13,4864650.0
2021-10-14,89.22,89.84,87.73,88.35,5961014.0
2021-10-15,88.41,88.54,86.84,86.97,7066354.0
2021-10-18,86.98,87.95,85.88,86.85,2248066.0
2021-10-19,86.82,87.4,85.41,85.99,7182594.0
2021-10-20,85.93,86.46,84.01,84.53,3833173.0
2021-10-21,84.66,85.93,83.73,85.01,2727669.0
2021-10-22,84.83,85.14,84.67,84.98,3853760.0
2021-10-25,85.21,86.05,84.53,85.38,6687305.0
2021-10-26,85.38,85.71,84.19,84.51,7500742.0
2021-10-27,84.39,84.49,83.85,83.95,6680940.0
2021-10-28,83.87,83.87,83.1,83.1,2381146.0
2021-10-29,82.98,83.21,82.13,82.35,2688850.0
2021-11-01,82.37,83.34,81.57,82.54,4108135.0
2021-11-02,82.42,82.91,81.4,81.89,2113871.0
2021-11-03,82.08,82.91,81.38,82.22,3203107.0
2021-11-04,82.09,83.15,81.49,82.55,3588249.0
2021-11-05,82.17,85.09,81.44,84.36,6567608.0
2021-11-08,84.24,84.42,82.97,83.15,5896568.0
2021-11-09,82.82,84.31,82.47,83.96,7060997.0
2021-11-10,83.96,85.22,82.65,83.91,2172659.0
2021-11-11,84.09,84.52,83.49,83.93,2345667.0
2021-11-12,84.03,84.12,82.59,82.67,6626611.0
2021-11-15,82.45,82.7,82.05,82.3,7284713.0
2021-11-16,82.17,84.09,81.06,82.97,5982152.0
2021-11-17,83.27,83.34,82.86,82.93,6191934.0
2021-11-18,82.98,83.42,82.58,83.03,7845722.0
2021-11-19,83.03,83.08,82.74,82.8,3332349.0
2021-11-22,82.97,84.4,82.42,83.84,6667106.0
2021-11-23,84.25,84.66,83.44,83.85,7500106.0
2021-11-24,84.07,84.27,81.74,81.95,7963502.0
2021-11-25,81.97,82.25,81.09,81.37,3840832.0
2021-11-26,81.43,81.66,79.49,79.72,2344196.0
2021-11-29,79.82,80.64,76.23,77.05,7425609.0
2021-11-30,76.95,77.37,76.22,76.64,2849813.0
2021-12-01,76.48,78.15,76.08,77.76,2553478.0
2021-12-02,77.76,78.08,77.5,77.82,5543905.0
2021-12-03,77.67,77.91,76.65,76.88,4912612.0
2021-12-06,76.87,77.58,75.44,76.15,6563505.0
2021-12-07,76.16,77.1,76.15,77.09,5215250.0
2021-12-08,77.45,78.36,76.33,77.24,3135701.0
2021-12-09,77.11,77.77,76.64,77.3,7390759.0
2021-12-10,77.29,77.41,77.16,77.29,4642946.0
2021-12-13,77.26,78.02,76.58,77.34,7027711.0
2021-12-14,77.41,78.2,77.24,78.03,5985800.0
2021-12-15,78.19,78.77,77.93,78.51,5370905.0
2021-12-16,78.43,79.44,77.71,78.72,3656802.0
2021-12-17,78.59,78.91,77.55,77.88,2385674.0
2021-12-20,77.62,78.33,77.62,78.32,2420930.0
2021-12-21,78.18,78.36,77.61,77.78,4679359.0
2021-12-22,77.87,79.08,77.5,78.71,5001344.0
2021-12-23,78.72,79.31,77.1,77.69,4423333.0
2021-12-24,77.53,77.63,77.5,77.6,7129132.0
2021-12-27,77.54,78.47,76.69,77.62,7974829.0
2021-12-28,77.62,77.68,76.51,76.56,2647137.0
2021-12-29,76.64,78.0,76.63,77.99,6416948.0
2021-12-30,77.9,79.56,77.57,79.23,6695263.0
2021-12-31,79.19,79.7,78.36,78.87,4495543.0
2022-01-03,78.58,80.24,77.88,79.54,4443633.0
2022-01-04,79.36,80.84,78.41,79.89,4239257.0
2022-01-05,80.15,80.81,77.07,77.73,4802301.0
2022-01-06,77.39,78.73,76.62,77.96,6657989.0
2022-01-07,77.91,78.23,77.61,77.94,7388859.0
2022-01-10,77.97,78.21,77.79,78.03,2581480.0
2022-01-11,77.97,78.54,76.6,77.17,2920382.0
2022-01-12,77.05,77.56,76.47,76.98,6961129.0
2022-01-13,76.97,77.81,76.01,76.86,2795437.0
2022-01-14,76.85,78.31,76.39,77.85,6252686.0
2022-01-17,77.84,78.3,77.69,78.15,2422425.0
2022-01-18,77.86,78.7,77.34,78.17,4612601.0
2022-01-19,78.15,79.64,77.98,79.47,2332581.0
2022-01-20,79.34,80.34,78.03,79.03,6372373.0
2022-01-21,78.95,79.23,78.45,78.73,5441964.0
2022-01-24,78.77,79.04,76.99,77.26,4639922.0
2022-01-25,77.36,79.2,76.73,78.58,6472774.0
2022-01-26,78.72,80.47,77.66,79.41,2946570.0
2022-01-27,79.33,80.58,78.96,80.21,5982775.0
2022-01-28,80.36,81.94,79.22,80.8,4597240.0
2022-01-31,80.99,81.06,80.86,80.92,4533820.0
2022-02-01,81.11,81.21,81.04,81.13,2323992.0
2022-02-02,81.36,82.34,79.96,80.94,7112392.0
2022-02-03,80.92,81.09,80.62,80.79,2538996.0
2022-02-04,80.77,80.87,80.76,80.87,3864071.0
2022-02-07,81.0,82.51,80.69,82.2,4856542.0
2022-02-08,81.97,83.54,81.14,82.71,6439414.0
2022-02-09,82.74,82.78,82.65,82.68,6963346.0
2022-02-10,82.6,83.14,81.66,82.2,2647748.0
2022-02-11,82.14,82.41,81.41,81.68,3286987.0
2022-02-14,81.4,83.26,81.24,83.1,4464825.0
2022-02-15,82.96,83.62,82.91,83.58,5085413.0
2022-02-16,83.57,83.68,83.56,83.66,2796070.0
2022-02-17,83.81,84.3,82.9,83.38,7960229.0
2022-02-18,83.55,84.18,81.8,82.44,3839267.0
2022-02-21,82.42,83.15,81.68,82.4,6979494.0
2022-02-22,82.37,83.81,81.75,83.2,6818642.0
2022-02-23,83.06,83.56,82.38,82.88,7503917.0
2022-02-24,82.94,82.99,82.66,82.7,7465309.0
2022-02-25,82.66,83.07,82.14,82.54,6092263.0
2022-02-28,82.64,83.21,82.28,82.85,3899551.0
2022-03-01,83.14,83.85,78.08,78.79,6374169.0
2022-03-02,78.79,79.89,77.12,78.23,3157098.0
2022-03-03,77.99,78.41,75.74,76.16,5937919.0
2022-03-04,76.03,79.83,74.55,78.35,3534158.0
2022-03-07,78.13,78.94,75.67,76.48,6018984.0
2022-03-08,76.3,78.27,75.95,77.92,6791677.0
2022-03-09,78.13,84.26,75.68,81.81,5485324.0
2022-03-10,81.85,83.03,79.85,81.03,6851938.0
2022-03-11,80.78,81.01,79.29,79.52,4402330.0
2022-03-14,79.62,80.66,78.99,80.03,5282546.0
2022-03-15,80.23,82.0,78.28,80.05,3432796.0
2022-03-16,79.99,81.02,76.57,77.59,4567803.0
2022-03-17,77.48,82.98,73.26,78.76,2496837.0
2022-03-18,78.71,84.05,78.64,83.99,9084006.0
2022-03-21,84.04,86.35,81.02,83.33,4318416.0
2022-03-22,83.44,85.12,81.14,82.82,6184314.0
2022-03-23,83.02,86.82,76.34,80.14,7278207.0
2022-03-24,80.34,81.79,79.54,80.99,5633260.0
2022-03-25,81.18,81.29,77.76,77.87,5947516.0
2022-03-28,78.08,78.44,74.84,75.2,7538852.0
2022-03-29,75.3,78.87,74.78,78.35,3347620.0
2022-03-30,78.11,79.04,75.21,76.15,2775637.0
2022-03-31,76.13,80.77,74.2,78.83,7594368.0
2022-04-01,78.88,84.33,77.33,82.77,8321684.0
2022-04-04,82.71,85.98,80.21,83.48,2304325.0
2022-04-05,83.63,86.5,82.12,84.99,5496178.0
2022-04-06,84.93,90.93,84.45,90.45,8997492.0
2022-04-07,90.28,92.27,87.93,89.92,4781194.0
2022-04-08,90.18,91.37,87.07,88.27,6244687.0
2022-04-11,88.38,89.9,83.07,84.58,4757711.0
2022-04-12,84.62,85.85,83.49,84.72,5357865.0
2022-04-13,84.88,89.6,84.1,88.82,4581574.0
2022-04-14,89.01,91.69,88.92,91.6,4884718.0
2022-04-15,91.66,93.6,86.99,88.93,7380833.0
2022-04-18,88.49,90.62,84.44,86.57,7516431.0
2022-04-19,86.46,87.21,84.47,85.23,3452776.0
2022-04-20,85.15,87.05,84.15,86.05,2097501.0
2022-04-21,85.88,86.79,84.61,85.52,7886458.0
2022-04-22,85.55,86.89,84.78,86.13,2138282.0
2022-04-25,86.33,89.49,83.82,86.97,5288254.0
2022-04-26,86.89,87.69,85.38,86.18,5267643.0
2022-04-27,85.98,87.5,84.58,86.09,5804091.0
2022-04-28,86.44,87.62,85.51,86.69,3856846.0
2022-04-29,86.61,89.56,83.53,86.48,2808996.0
2022-05-02,86.27,91.09,83.09,87.91,4620776.0
2022-05-03,87.95,95.59,85.67,93.32,9218348.0
2022-05-04,93.39,95.59,92.92,95.12,5513889.0
2022-05-05,94.98,95.82,94.47,95.31,4721066.0
2022-05-06,95.47,97.13,88.71,90.38,2626015.0
2022-05-09,90.29,94.78,87.03,91.52,7849389.0
2022-05-10,91.36,91.98,85.44,86.07,9362843.0
2022-05-11,86.1,87.17,81.25,82.33,2626594.0
2022-05-12,82.45,85.41,81.66,84.62,6559616.0
2022-05-13,84.51,88.99,82.08,86.56,7063811.0
2022-05-16,86.62,88.97,83.83,86.18,2630395.0
2022-05-17,86.16,86.59,81.23,81.65,4867787.0
2022-05-18,82.11,82.49,80.34,80.72,6659148.0
2022-05-19,80.61,81.67,77.96,79.03,7666299.0
2022-05-20,79.24,81.87,78.03,80.66,5512664.0
2022-05-23,80.66,83.23,80.06,82.64,4040004.0
2022-05-24,82.62,83.14,82.33,82.86,6163842.0
2022-05-25,82.98,82.98,82.2,82.2,4114721.0
2022-05-26,82.35,82.44,81.13,81.22,6665078.0
2022-05-27,81.42,82.15,80.47,81.19,2091176.0
2022-05-30,81.25,81.39,80.93,81.07,7992807.0
2022-05-31,80.97,81.43,79.66,80.11,3722207.0
2022-06-01,80.03,80.32,79.94,80.24,2720414.0
2022-06-02,80.32,81.26,78.35,79.29,2796845.0
2022-06-03,79.38,80.57,79.06,80.25,8258966.0
2022-06-06,80.48,81.35,80.32,81.19,7867804.0
2022-06-07,81.26,83.0,80.41,82.15,5028565.0
2022-06-08,82.33,83.06,81.03,81.77,6698756.0
2022-06-09,82.01,83.12,81.13,82.24,3258020.0
2022-06-10,82.27,82.64,81.77,82.15,7630191.0
2022-06-13,81.91,82.3,81.44,81.84,4294016.0
2022-06-14,81.65,81.68,81.54,81.57,5624812.0
2022-06-15,81.34,81.65,80.16,80.48,4358640.0
2022-06-16,80.74,80.78,79.24,79.29,2747012.0
2022-06-17,79.15,80.69,78.44,79.98,7558027.0
2022-06-20,80.18,80.53,79.5,79.85,6658696.0
2022-06-21,79.94,80.23,79.77,80.05,5181093.0
2022-06-22,80.33,81.35,79.91,80.93,8248790.0
2022-06-23,81.1,81.54,79.05,79.49,2532377.0
2022-06-24,79.47,79.98,78.34,78.86,4689836.0
2022-06-27,78.82,79.6,78.26,79.03,6324262.0
2022-06-28,79.04,80.08,78.34,79.38,4111451.0
2022-06-29,79.41,80.12,78.38,79.09,5046345.0
2022-06-30,79.01,80.22,78.77,79.98,3165810.0
2022-07-01,79.98,81.49,78.67,80.18,6933631.0
2022-07-04,80.44,80.94,78.69,79.19,3703544.0
2022-07-05,78.92,79.39,77.96,78.44,2346086.0
2022-07-06,78.48,79.26,78.35,79.13,3112594.0
2022-07-07,78.99,80.1,78.43,79.55,7295907.0
2022-07-08,79.58,79.71,77.85,77.99,5339264.0
2022-07-11,78.12,79.25,78.0,79.13,7671973.0
2022-07-12,79.13,80.01,78.78,79.66,5214100.0
2022-07-13,79.79,81.82,78.79,80.83,2136813.0
2022-07-14,80.57,81.55,79.55,80.53,6895941.0
2022-07-15,80.7,80.9,80.11,80.3,4907165.0
2022-07-18,80.2,80.37,79.21,79.37,2762928.0
2022-07-19,79.47,81.86,79.17,81.56,2949304.0
2022-07-20,81.59,81.67,81.36,81.43,2463062.0
2022-07-21,81.01,83.3,80.55,82.84,5437429.0
2022-07-22,82.71,82.79,82.22,82.3,6193536.0
2022-07-25,82.34,82.69,82.12,82.47,2548347.0
2022-07-26,82.73,83.08,80.69,81.05,5747815.0
2022-07-27,81.1,82.14,79.71,80.75,7411275.0
2022-07-28,80.79,82.38,80.02,81.62,7673220.0
2022-07-29,81.39,82.55,79.4,80.57,3225127.0
2022-08-01,80.8,82.02,80.29,81.52,3731790.0
2022-08-02,81.81,82.36,81.28,81.83,6073516.0
2022-08-03,81.84,82.56,80.24,80.96,6773645.0
2022-08-04,80.92,80.98,80.5,80.56,6015739.0
2022-08-05,80.3,80.71,79.78,80.19,5650144.0
2022-08-08,80.33,80.63,79.88,80.17,3931081.0
2022-08-09,80.61,81.1,79.26,79.75,7688473.0
2022-08-10,79.86,80.26,78.67,79.08,3373149.0
2022-08-11,79.28,79.34,78.78,78.85,5968271.0
2022-08-12,78.93,79.88,77.07,78.02,7735684.0
2022-08-15,77.87,78.09,74.69,74.91,6557732.0
2022-08-16,75.11,75.24,74.69,74.82,2249052.0
2022-08-17,74.64,78.01,73.6,76.97,3439382.0
2022-08-18,76.94,77.95,72.34,73.35,4038165.0
2022-08-19,73.39,76.03,70.74,73.38,7622065.0
2022-08-22,73.51,75.17,70.25,71.9,4205452.0
2022-08-23,71.96,73.36,68.33,69.73,3703544.0
2022-08-24,69.78,72.77,68.68,71.67,5952509.0
2022-08-25,71.56,73.17,68.91,70.52,4909944.0
2022-08-26,70.34,76.94,67.38,73.98,4816684.0
2022-08-29,73.99,74.45,71.74,72.19,3022453.0
2022-08-30,72.09,74.11,71.09,73.11,2766404.0
2022-08-31,72.92,73.51,72.01,72.61,3857109.0
2022-09-01,72.42,73.86,69.47,70.91,5811412.0
2022-09-02,70.84,73.52,69.59,72.27,2263862.0
2022-09-05,72.0,73.99,69.95,71.94,6438165.0
2022-09-06,71.74,75.33,69.76,73.35,3747958.0
2022-09-07,73.11,73.36,73.01,73.27,6256753.0
2022-09-08,73.29,74.16,69.93,70.8,6547415.0
2022-09-09,70.86,71.87,69.59,70.6,4985536.0
2022-09-12,70.88,72.98,68.64,70.74,5841899.0
2022-09-13,70.53,74.41,69.06,72.95,4191796.0
2022-09-14,72.85,74.44,69.3,70.9,3429425.0
2022-09-15,71.03,71.54,70.33,70.83,2069313.0
2022-09-16,70.8,71.78,66.11,67.09,6176245.0
2022-09-19,67.04,68.64,66.91,68.51,5519267.0
2022-09-20,68.74,69.01,65.95,66.22,2984238.0
2022-09-21,66.17,67.35,61.37,62.55,6764201.0
2022-09-22,62.4,64.35,60.5,62.45,3412744.0
2022-09-23,62.29,65.86,61.12,64.7,5136995.0
2022-09-26,64.75,66.45,59.96,61.66,5526448.0
2022-09-27,61.7,63.93,57.36,59.59,8558986.0
2022-09-28,59.43,60.15,57.5,58.22,6128780.0
2022-09-29,58.1,59.37,54.92,56.19,3559113.0
2022-09-30,56.25,57.44,55.69,56.88,4012390.0
2022-10-03,56.95,57.03,55.38,55.46,7414056.0
2022-10-04,55.39,55.68,53.93,54.22,2944570.0
2022-10-05,54.29,56.39,53.15,55.25,6663395.0
2022-10-06,55.32,56.34,52.94,53.96,4755564.0
2022-10-07,53.77,54.83,53.67,54.73,7700823.0
2022-10-10,54.69,55.02,52.76,53.08,4868176.0
2022-10-11,53.13,54.16,50.06,51.09,8418679.0
2022-10-12,51.03,51.39,47.86,48.22,3514921.0
2022-10-13,48.01,51.42,47.75,51.17,4026645.0
2022-10-14,51.14,52.12,49.68,50.67,4775592.0
2022-10-17,50.74,51.08,50.74,51.08,7705825.0
2022-10-18,51.24,51.53,50.75,51.04,7329367.0
2022-10-19,50.82,51.44,50.69,51.32,4486702.0
2022-10-20,51.59,51.75,51.25,51.42,7167740.0
2022-10-21,51.3,55.34,50.6,54.64,7178528.0
2022-10-24,54.75,55.15,52.48,52.89,8669671.0
2022-10-25,53.02,53.74,49.63,50.35,8862202.0
2022-10-26,50.45,51.05,48.18,48.78,7587988.0
2022-10-27,48.79,49.94,45.62,46.77,6280519.0
2022-10-28,46.66,49.45,45.11,47.9,4545316.0
2022-10-31,47.96,49.55,47.6,49.18,5927145.0
2022-11-01,49.11,49.49,47.34,47.72,7573666.0
2022-11-02,47.48,47.63,45.53,45.67,2746308.0
2022-11-03,45.93,46.32,44.79,45.18,4369152.0
2022-11-04,45.24,47.69,44.78,47.23,6319243.0
2022-11-07,47.4,47.78,44.58,44.96,7530688.0
2022-11-08,44.87,45.47,44.79,45.39,3542740.0
2022-11-09,45.52,46.07,44.0,44.55,3905063.0
2022-11-10,44.69,46.03,44.05,45.39,4567884.0
2022-11-11,45.53,46.0,44.08,44.55,6917339.0
2022-11-14,44.55,44.82,44.07,44.34,4331588.0
2022-11-15,44.23,44.61,42.81,43.19,2763660.0
2022-11-16,43.18,43.51,42.14,42.47,8245540.0
2022-11-17,42.28,44.05,41.76,43.53,4557691.0
2022-11-18,43.38,44.28,43.28,44.18,6079775.0
2022-11-21,44.19,44.56,43.51,43.88,4427030.0
2022-11-22,43.79,43.96,43.06,43.23,6642168.0
2022-11-23,43.21,43.55,41.48,41.82,7206043.0
2022-11-24,41.81,41.89,41.46,41.54,3099842.0
2022-11-25,41.7,41.78,41.46,41.53,2791918.0
2022-11-28,41.64,41.66,41.47,41.49,3842723.0
2022-11-29,41.48,41.73,41.19,41.43,2528288.0
2022-11-30,41.53,43.1,39.06,40.63,7696025.0
2022-12-01,40.57,40.64,40.53,40.6,7748918.0
2022-12-02,40.57,41.4,39.76,40.58,2727010.0
2022-12-05,40.66,41.64,40.55,41.53,4003240.0
2022-12-06,41.43,43.45,40.91,42.93,8481146.0
2022-12-07,42.91,43.03,42.72,42.84,5626159.0
2022-12-08,42.73,42.9,42.11,42.28,4749526.0
2022-12-09,42.29,42.37,42.17,42.25,2968364.0
2022-12-12,42.38,42.44,41.75,41.81,4479213.0
2022-12-13,41.75,41.99,41.04,41.28,4220356.0
2022-12-14,41.3,41.55,40.99,41.25,5103640.0
2022-12-15,41.18,41.57,40.11,40.51,6227754.0
2022-12-16,40.42,41.47,39.9,40.96,4808975.0
2022-12-19,40.86,40.9,40.85,40.9,3290435.0
2022-12-20,41.02,41.51,40.6,41.09,4887000.0
2022-12-21,41.28,41.39,40.86,40.97,5649554.0
2022-12-22,41.01,41.04,40.43,40.46,4718777.0
2022-12-23,40.4,40.48,39.73,39.8,7537655.0
2022-12-26,39.86,40.05,39.46,39.65,6288543.0
2022-12-27,39.62,39.97,38.94,39.28,7587597.0
2022-12-28,39.34,39.55,39.24,39.45,3703033.0
2022-12-29,39.48,39.76,39.18,39.46,4865187.0
2022-12-30,39.49,39.8,38.22,38.54,3215146.0
2023-01-02,38.59,39.28,37.91,38.6,7628272.0
2023-01-03,38.55,38.66,37.59,37.71,4934601.0
2023-01-04,37.68,37.79,37.19,37.31,7161110.0
2023-01-05,37.18,37.76,36.55,37.13,2569199.0
2023-01-06,37.1,37.51,35.39,35.81,6975279.0
2023-01-09,35.7,36.08,35.5,35.87,4706942.0
2023-01-10,35.86,36.13,35.71,35.98,7388475.0
2023-01-11,35.91,36.81,35.0,35.89,5007550.0
2023-01-12,35.9,36.05,35.49,35.64,2849548.0
2023-01-13,35.67,35.87,35.21,35.41,6838600.0
2023-01-16,35.31,35.38,34.76,34.82,6547699.0
2023-01-17,34.76,35.28,34.15,34.67,2692150.0
2023-01-18,34.6,35.09,33.86,34.34,2928545.0
2023-01-19,34.39,34.56,34.24,34.41,4402520.0
2023-01-20,34.52,34.66,33.55,33.69,6627340.0
2023-01-23,33.75,33.93,33.67,33.85,6766651.0
2023-01-24,33.82,34.36,33.4,33.94,2198082.0
2023-01-25,34.04,34.56,33.35,33.87,4059715.0
2023-01-26,33.77,33.88,33.5,33.62,7780651.0
2023-01-27,33.72,34.48,33.19,33.96,7222419.0
2023-01-30,33.91,34.23,32.67,32.99,2529714.0
2023-01-31,32.8,33.67,32.4,33.26,6464102.0
2023-02-01,33.44,34.44,32.42,33.42,7098872.0
2023-02-02,33.52,33.91,33.21,33.6,2284071.0
2023-02-03,33.53,34.05,33.31,33.84,4383113.0
2023-02-06,33.85,34.16,33.15,33.46,4460801.0
2023-02-07,33.44,34.66,32.1,33.32,6779402.0
2023-02-08,33.32,33.92,33.11,33.7,6820630.0
2023-02-09,33.6,34.03,33.54,33.97,5517023.0
2023-02-10,33.92,34.45,33.57,34.11,5215670.0
2023-02-13,34.14,34.35,33.0,33.22,2935185.0
2023-02-14,33.23,33.75,33.02,33.54,6209110.0
2023-02-15,33.62,34.33,33.55,34.25,5185339.0
2023-02-16,34.26,35.12,34.02,34.88,8364378.0
2023-02-17,35.04,35.58,34.5,35.04,2472881.0
2023-02-20,34.99,35.37,33.71,34.1,6550325.0
2023-02-21,34.12,34.85,33.95,34.68,5347493.0
2023-02-22,34.55,35.11,34.04,34.6,5317406.0
2023-02-23,34.51,35.08,32.53,33.1,9027489.0
2023-02-24,33.19,33.79,32.73,33.33,7217946.0
2023-02-27,33.27,33.53,32.22,32.48,4714752.0
2023-02-28,32.51,32.91,31.35,31.75,4895542.0
2023-03-01,31.75,31.81,31.35,31.41,4207451.0
2023-03-02,31.34,32.21,31.26,32.13,2201376.0
2023-03-03,32.11,32.14,31.9,31.93,3865443.0
2023-03-06,31.9,32.16,31.84,32.1,3686972.0
2023-03-07,32.06,33.29,31.88,33.11,5663128.0
2023-03-08,33.16,34.21,33.02,34.07,6038041.0
2023-03-09,34.11,34.42,33.71,34.01,7932984.0
2023-03-10,33.98,34.06,33.79,33.88,7787758.0
2023-03-13,33.82,33.92,33.04,33.15,6655744.0
2023-03-14,33.16,33.2,32.71,32.75,5850170.0
2023-03-15,32.75,33.16,32.59,33.01,3857007.0
2023-03-16,33.08,33.54,32.79,33.25,3779766.0
2023-03-17,33.43,33.52,33.23,33.33,5007075.0
2023-03-20,33.38,34.03,33.28,33.93,8378220.0
2023-03-21,33.93,34.06,33.34,33.48,6771142.0
2023-03-22,33.47,33.99,32.93,33.46,4413997.0
2023-03-23,33.4,34.23,33.07,33.9,5665847.0
2023-03-24,33.84,34.65,33.46,34.26,3470890.0
2023-03-27,34.2,35.18,33.94,34.93,2708296.0
2023-03-28,34.9,35.34,34.74,35.19,5429229.0
2023-03-29,35.16,35.77,34.39,35.0,3895750.0
2023-03-30,35.06,35.59,34.7,35.24,4142226.0
2023-03-31,35.21,35.4,34.45,34.63,7435909.0
2023-04-03,34.62,34.91,33.36,33.66,2900958.0
2023-04-04,33.58,34.44,33.15,34.01,5858328.0
2023-04-05,34.13,34.39,33.73,33.99,6295006.0
2023-04-06,34.03,34.27,33.94,34.19,4746066.0
2023-04-07,34.31,34.45,33.05,33.19,6701126.0
2023-04-10,33.24,33.39,32.84,32.99,2630854.0
2023-04-11,33.09,33.19,32.55,32.65,8081754.0
2023-04-12,32.63,32.89,31.91,32.17,7848295.0
2023-04-13,32.21,32.22,30.91,30.92,3157672.0
2023-04-14,31.09,31.28,30.56,30.75,5592340.0
2023-04-17,30.68,31.27,30.66,31.25,7817603.0
2023-04-18,31.32,31.62,31.17,31.47,2758046.0
2023-04-19,31.58,31.94,30.79,31.15,6998798.0
2023-04-20,31.18,31.23,31.1,31.15,4760517.0
2023-04-21,31.2,31.7,31.08,31.58,3659447.0
2023-04-24,31.66,31.71,30.63,30.68,8601964.0
2023-04-25,30.64,30.8,30.49,30.65,4894942.0
2023-04-26,30.68,30.94,30.57,30.84,3331914.0
2023-04-27,30.78,31.56,30.29,31.07,5906060.0
2023-04-28,31.03,31.7,30.97,31.64,5822110.0
2023-05-01,31.6,32.1,31.54,32.04,4029850.0
2023-05-02,32.03,32.23,31.95,32.15,6437118.0
2023-05-03,32.16,32.79,31.64,32.27,2670679.0
2023-05-04,32.3,32.57,32.27,32.55,5774579.0
2023-05-05,32.45,32.6,32.23,32.37,7142733.0
2023-05-08,32.5,32.79,32.08,32.37,6567250.0
2023-05-09,32.44,32.74,32.39,32.69,3074148.0
2023-05-10,32.74,33.55,32.57,33.38,7196952.0
2023-05-11,33.36,33.41,33.29,33.34,4969318.0
2023-05-12,33.33,33.37,33.3,33.33,2592303.0
2023-05-15,33.37,33.53,33.25,33.41,4655358.0
2023-05-16,33.44,33.91,33.43,33.9,3828405.0
2023-05-17,33.79,34.19,33.49,33.9,7425308.0
2023-05-18,33.95,34.49,33.9,34.44,4395398.0
2023-05-19,34.65,34.82,33.94,34.1,5517876.0
2023-05-22,33.98,34.47,33.55,34.05,5857830.0
2023-05-23,34.12,34.27,33.84,33.99,4575031.0
2023-05-24,34.01,34.34,33.95,34.28,2835497.0
2023-05-25,34.28,34.94,34.01,34.68,8121710.0
2023-05-26,34.77,34.99,33.92,34.14,3714766.0
2023-05-29,34.05,34.41,33.46,33.82,4234835.0
2023-05-30,33.83,34.18,33.6,33.95,4116683.0
2023-05-31,34.05,34.08,33.7,33.72,6491918.0
2023-06-01,33.71,33.77,33.14,33.2,2578976.0
2023-06-02,33.17,33.61,33.13,33.57,3515966.0
2023-06-05,33.58,33.83,33.52,33.76,7570037.0
2023-06-06,33.73,33.99,33.69,33.95,6645767.0
2023-06-07,34.06,34.22,33.62,33.79,5519297.0
2023-06-08,33.73,34.63,33.27,34.17,6720097.0
2023-06-09,34.23,34.38,33.95,34.09,4078098.0
2023-06-12,34.01,34.95,33.56,34.5,7211524.0
2023-06-13,34.55,34.56,34.17,34.18,7018751.0
2023-06-14,34.17,34.18,33.88,33.88,5041471.0
2023-06-15,33.7,34.33,33.34,33.97,6313954.0
2023-06-16,33.97,34.12,33.58,33.73,3407241.0
2023-06-19,33.65,34.17,33.47,33.98,3717658.0
2023-06-20,33.95,34.11,33.93,34.09,5839733.0
2023-06-21,34.19,34.55,33.41,33.76,2315526.0
2023-06-22,33.69,34.2,33.29,33.8,7478607.0
2023-06-23,33.73,33.99,33.43,33.69,6651652.0
2023-06-26,33.79,34.25,33.56,34.03,3971126.0
2023-06-27,34.03,34.13,33.71,33.81,3667130.0
2023-06-28,33.92,34.01,33.57,33.66,2150536.0
2023-06-29,33.69,34.31,33.48,34.11,4273653.0
2023-06-30,34.05,35.1,33.89,34.94,3331018.0
2023-07-03,34.93,35.83,34.8,35.7,7787156.0
2023-07-04,35.79,35.97,35.54,35.73,7612754.0
2023-07-05,35.8,36.0,35.63,35.83,3282131.0
2023-07-06,35.83,36.45,35.8,36.42,2135482.0
2023-07-07,36.43,36.76,36.05,36.39,3370523.0
2023-07-10,36.38,36.62,35.78,36.02,2395177.0
2023-07-11,35.98,36.21,35.85,36.08,6279827.0
2023-07-12,36.22,36.28,36.21,36.26,2627122.0
2023-07-13,36.26,36.35,35.87,35.96,3351368.0
2023-07-14,35.88,36.3,34.92,35.35,7735253.0
2023-07-17,35.31,35.49,34.65,34.83,6737666.0
2023-07-18,34.88,35.21,34.75,35.08,4390741.0
2023-07-19,35.13,35.14,34.81,34.81,2898075.0
2023-07-20,34.8,34.93,34.64,34.77,6177262.0
2023-07-21,34.73,35.07,34.52,34.86,3844755.0
2023-07-24,34.86,35.12,34.85,35.1,6357817.0
2023-07-25,34.98,34.99,34.98,34.99,7007131.0
2023-07-26,34.9,35.19,34.89,35.19,4676924.0
2023-07-27,35.24,35.4,34.71,34.87,2909017.0
2023-07-28,34.83,34.94,34.64,34.75,6467729.0
2023-07-31,34.77,35.02,34.14,34.38,7402232.0
2023-08-01,34.47,34.91,34.37,34.81,4938658.0
2023-08-02,34.85,34.89,34.77,34.81,4465846.0
2023-08-03,34.81,34.82,34.54,34.55,5374321.0
2023-08-04,34.7,34.81,34.32,34.43,7366117.0
2023-08-07,34.48,34.7,34.14,34.36,3867924.0
2023-08-08,34.34,34.83,34.13,34.63,4000203.0
2023-08-09,34.68,34.76,33.98,34.06,2113553.0
2023-08-10,34.09,34.27,33.51,33.7,2249616.0
2023-08-11,33.64,33.66,33.55,33.57,5626591.0
2023-08-14,33.58,34.77,33.3,34.5,8422967.0
2023-08-15,34.48,34.86,34.48,34.86,3702827.0
2023-08-16,34.72,35.29,34.26,34.83,3627102.0
2023-08-17,34.82,35.4,34.52,35.1,3733512.0
2023-08-18,35.08,35.91,35.06,35.89,4107597.0
2023-08-21,35.85,36.12,35.54,35.81,7326761.0
2023-08-22,35.69,35.73,35.64,35.68,7671058.0
2023-08-23,35.66,36.36,35.45,36.15,4331598.0
2023-08-24,36.15,36.84,35.67,36.35,4875684.0
2023-08-25,36.36,36.74,36.25,36.63,2669840.0
2023-08-28,36.54,36.9,36.08,36.44,3297870.0
2023-08-29,36.49,37.33,36.36,37.2,6135464.0
2023-08-30,37.11,37.99,37.01,37.89,2347092.0
2023-08-31,37.88,38.6,37.41,38.13,5324629.0
2023-09-01,38.24,38.68,37.98,38.42,5283313.0
2023-09-04,38.37,38.9,37.08,37.62,2496373.0
2023-09-05,37.58,37.9,37.56,37.89,4987182.0
2023-09-06,37.97,38.05,37.74,37.82,4118693.0
2023-09-07,37.79,38.11,37.69,38.01,2824865.0
2023-09-08,37.98,38.81,37.46,38.29,5790041.0
2023-09-11,38.31,38.41,38.06,38.17,7253922.0
2023-09-12,38.25,38.65,37.1,37.5,3875734.0
2023-09-13,37.33,38.12,36.88,37.66,5428910.0
2023-09-14,37.6,37.88,37.1,37.38,8103265.0
2023-09-15,37.3,37.44,37.13,37.26,7215207.0
2023-09-18,37.18,37.73,36.48,37.03,6924196.0
2023-09-19,36.97,37.07,36.81,36.91,4275667.0
2023-09-20,36.85,36.89,35.99,36.03,5393750.0
2023-09-21,36.05,36.77,35.8,36.51,2414274.0
2023-09-22,36.44,36.74,36.32,36.62,7553447.0
2023-09-25,36.63,37.21,36.49,37.07,2177562.0
2023-09-26,37.1,38.03,36.93,37.86,2347262.0
2023-09-27,37.81,38.01,37.68,37.88,2266093.0
2023-09-28,37.89,38.32,36.76,37.18,3538782.0
2023-09-29,37.3,37.78,36.37,36.84,7584659.0
2023-10-02,36.87,36.95,36.3,36.39,7775959.0
2023-10-03,36.34,36.48,36.06,36.2,5342524.0
2023-10-04,36.2,36.32,36.12,36.25,5065081.0
2023-10-05,36.18,36.53,35.15,35.5,4248191.0
2023-10-06,35.52,35.94,35.21,35.64,3054093.0
2023-10-09,35.7,35.81,34.97,35.08,6170575.0
2023-10-10,35.02,35.32,34.91,35.21,5471718.0
2023-10-11,35.19,35.21,35.16,35.18,5006288.0
2023-10-12,35.26,35.51,34.82,35.07,6444928.0
2023-10-13,35.03,35.16,34.93,35.05,3617035.0
2023-10-16,35.07,35.18,34.76,34.87,5716817.0
2023-10-17,34.79,34.93,34.52,34.65,7075774.0
2023-10-18,34.59,34.83,33.82,34.05,2396835.0
2023-10-19,34.02,34.1,33.97,34.05,4501506.0
2023-10-20,34.2,34.94,33.99,34.73,2350478.0
2023-10-23,34.71,35.72,34.47,35.48,3022828.0
2023-10-24,35.44,36.1,35.34,35.99,4628960.0
2023-10-25,35.95,36.28,35.95,36.27,4775576.0
2023-10-26,36.26,36.57,35.72,36.03,2142616.0
2023-10-27,36.07,36.62,36.05,36.59,2601446.0
2023-10-30,36.61,36.78,36.4,36.58,2508943.0
2023-10-31,36.73,36.9,36.4,36.57,7523084.0
2023-11-01,36.58,36.61,36.44,36.47,5909526.0
2023-11-02,36.57,36.76,36.32,36.51,3951323.0
2023-11-03,36.53,36.75,36.14,36.36,4694691.0
2023-11-06,36.4,36.57,36.17,36.34,4796173.0
2023-11-07,36.23,36.37,35.8,35.93,2599656.0
2023-11-08,35.92,36.19,35.54,35.8,3560958.0
2023-11-09,35.8,36.76,35.73,36.69,7784297.0
2023-11-10,36.67,36.74,36.6,36.67,3091100.0
2023-11-13,36.51,36.62,36.49,36.59,4242828.0
2023-11-14,36.66,36.99,36.48,36.81,4865101.0
2023-11-15,36.78,37.2,36.68,37.1,7463127.0
2023-11-16,37.07,37.1,36.64,36.68,7957288.0
2023-11-17,36.66,37.01,36.25,36.61,5692633.0
2023-11-20,36.59,37.33,36.24,36.98,6411097.0
2023-11-21,37.01,37.15,36.95,37.09,5774859.0
2023-11-22,37.0,37.53,36.62,37.15,5119752.0
2023-11-23,37.08,37.79,37.07,37.78,4768386.0
2023-11-24,37.8,37.89,37.43,37.52,4223649.0
2023-11-27,37.53,37.78,37.32,37.57,6047814.0
2023-11-28,37.54,37.61,37.3,37.37,3462541.0
2023-11-29,37.33,38.56,36.75,37.98,3624964.0
2023-11-30,37.92,37.97,37.16,37.22,6123325.0
2023-12-01,37.21,37.49,36.68,36.96,3619977.0
2023-12-04,37.05,37.36,36.46,36.77,4848622.0
2023-12-05,36.69,37.14,36.59,37.04,7402174.0
2023-12-06,37.15,37.36,37.08,37.29,2933524.0
2023-12-07,37.35,38.58,36.63,37.86,3365164.0
2023-12-08,37.82,38.06,37.01,37.24,8219011.0
2023-12-11,37.3,37.75,37.11,37.55,4419130.0
2023-12-12,37.44,37.64,37.25,37.45,4917097.0
2023-12-13,37.32,37.55,36.97,37.2,6605014.0
2023-12-14,37.1,37.82,36.7,37.42,8053113.0
2023-12-15,37.39,37.4,37.06,37.07,4096279.0
2023-12-18,37.05,37.26,36.06,36.28,5310799.0
2023-12-19,36.24,36.41,35.98,36.15,4245200.0
2023-12-20,36.15,36.23,35.51,35.59,7577888.0
2023-12-21,35.44,35.67,35.12,35.36,7608656.0
2023-12-22,35.39,35.6,35.3,35.51,2411360.0
2023-12-25,35.41,35.94,35.1,35.64,3270897.0
2023-12-26,35.59,36.33,35.51,36.25,6063332.0
2023-12-27,36.22,36.26,36.14,36.19,3468924.0
2023-12-28,36.1,36.29,35.43,35.62,3029873.0
2023-12-29,35.52,35.61,35.25,35.34,7496116.0
2024-01-01,35.27,35.42,34.64,34.79,7895478.0
2024-01-02,34.78,35.35,33.49,34.06,3886711.0
2024-01-03,34.1,34.73,33.69,34.33,5824001.0
2024-01-04,34.37,35.0,33.32,33.95,4119639.0
2024-01-05,33.88,34.41,32.27,32.8,3235602.0
2024-01-08,32.75,33.29,32.67,33.22,7560843.0
2024-01-09,33.15,33.37,32.94,33.16,2044433.0
2024-01-10,33.19,33.61,32.96,33.38,4000940.0
2024-01-11,33.24,33.89,32.81,33.45,2322093.0
2024-01-12,33.54,33.95,33.42,33.84,8248655.0
2024-01-15,33.81,33.92,33.76,33.87,5187820.0
2024-01-16,33.82,34.92,33.53,34.63,7380850.0
2024-01-17,34.65,35.14,34.42,34.9,4571057.0
2024-01-18,34.97,35.59,34.54,35.16,7226905.0
2024-01-19,35.18,35.8,34.8,35.42,5565071.0
2024-01-22,35.5,35.9,34.13,34.53,3612588.0
2024-01-23,34.54,34.68,34.31,34.44,2095621.0
2024-01-24,34.53,34.75,34.08,34.3,3347700.0
2024-01-25,34.38,34.58,34.24,34.44,8028838.0
2024-01-26,34.43,34.47,33.59,33.63,6983888.0
2024-01-29,33.73,34.93,33.42,34.62,7945837.0
2024-01-30,34.64,35.16,34.18,34.7,6998824.0
2024-01-31,34.71,34.75,33.94,33.98,6097843.0
2024-02-01,33.91,33.97,32.92,32.98,3649934.0
2024-02-02,32.96,33.34,32.44,32.83,4468998.0
2024-02-05,32.88,32.95,32.71,32.78,3251249.0
2024-02-06,32.7,32.71,32.37,32.38,7649550.0
2024-02-07,32.42,32.59,32.28,32.44,3478213.0
2024-02-08,32.47,32.6,31.96,32.09,7033822.0
2024-02-09,32.11,32.9,31.62,32.41,2908151.0
2024-02-12,32.27,32.29,31.99,32.01,4530350.0
2024-02-13,32.01,32.15,31.85,32.0,4536425.0
2024-02-14,32.04,32.67,31.94,32.57,6716825.0
2024-02-15,32.52,34.48,32.13,34.09,5700254.0
2024-02-16,34.1,34.52,33.08,33.5,7364795.0
2024-02-19,33.34,33.87,32.71,33.24,5910798.0
2024-02-20,33.28,33.37,32.68,32.76,2101744.0
2024-02-21,32.72,33.39,32.56,33.23,2428909.0
2024-02-22,33.28,34.02,31.84,32.57,4805880.0
2024-02-23,32.45,32.66,32.09,32.3,3233985.0
2024-02-26,32.35,32.65,32.0,32.3,3381173.0
2024-02-27,32.28,32.55,31.48,31.75,2842380.0
2024-02-28,31.81,32.09,30.95,31.23,8229634.0
2024-02-29,31.18,31.66,30.49,30.98,3711164.0
2024-03-01,30.94,31.77,29.04,29.86,6769493.0
2024-03-04,30.0,30.1,29.02,29.12,3352948.0
2024-03-05,29.07,29.29,28.7,28.92,2843366.0
2024-03-06,28.88,29.18,28.71,29.0,7677386.0
2024-03-07,28.99,29.54,28.36,28.92,4954506.0
2024-03-08,28.86,28.94,27.95,28.04,4638072.0
2024-03-11,28.1,28.46,27.46,27.82,3261291.0
2024-03-12,27.91,28.53,27.61,28.22,2953095.0
2024-03-13,28.18,28.93,27.76,28.51,2395441.0
2024-03-14,28.41,28.91,27.98,28.48,6023645.0
2024-03-15,28.54,28.98,27.61,28.04,2723219.0
2024-03-18,28.11,28.52,27.95,28.37,8099214.0
2024-03-19,28.41,28.48,28.02,28.09,3854231.0
2024-03-20,28.15,28.2,27.47,27.52,7185122.0
2024-03-21,27.48,27.67,26.95,27.15,4032380.0
2024-03-22,27.14,28.31,26.68,27.86,6340605.0
2024-03-25,27.78,28.17,27.58,27.97,5847290.0
2024-03-26,27.89,28.71,27.74,28.56,4530833.0
2024-03-27,28.62,28.73,28.22,28.33,3314524.0
2024-03-28,28.29,29.13,27.97,28.81,4639191.0
2024-03-29,28.94,29.09,28.36,28.52,4112101.0
2024-04-01,28.52,28.74,28.22,28.45,3844558.0
2024-04-02,28.41,30.1,28.04,29.73,3819046.0
2024-04-03,29.78,30.31,29.62,30.15,7114878.0
2024-04-04,30.25,30.95,29.2,29.89,4246128.0
2024-04-05,29.92,30.08,29.69,29.85,6850644.0
2024-04-08,29.78,30.08,29.74,30.04,5914959.0
2024-04-09,30.06,30.98,29.77,30.69,5252549.0
2024-04-10,30.78,31.09,30.13,30.44,6492037.0
2024-04-11,30.41,30.61,29.33,29.53,7832403.0
2024-04-12,29.48,29.99,28.89,29.39,2923494.0
2024-04-15,29.45,29.61,29.25,29.41,5918007.0
2024-04-16,29.42,29.85,29.05,29.48,3615853.0
2024-04-17,29.41,30.44,29.15,30.18,6539302.0
2024-04-18,30.16,30.53,29.98,30.36,5076472.0
2024-04-19,30.31,30.9,30.21,30.81,3768063.0
2024-04-22,30.82,31.08,29.96,30.22,4440011.0
2024-04-23,30.23,31.72,29.21,30.7,3607804.0
2024-04-24,30.77,32.13,30.51,31.86,6787157.0
2024-04-25,31.91,32.56,31.66,32.31,3504052.0
2024-04-26,32.21,32.78,31.9,32.47,7356797.0
2024-04-29,32.49,32.79,32.27,32.57,7535973.0
2024-04-30,32.62,34.0,32.25,33.62,3555072.0
2024-05-01,33.65,33.84,32.9,33.08,7135178.0
2024-05-02,33.15,33.53,32.65,33.03,4950647.0
2024-05-03,32.99,33.54,32.76,33.31,7575659.0
2024-05-06,33.25,33.84,33.17,33.76,5516980.0
2024-05-07,33.82,34.18,33.16,33.51,7096952.0
2024-05-08,33.44,34.21,32.93,33.71,7546702.0
2024-05-09,33.56,34.04,33.07,33.55,6929946.0
2024-05-10,33.62,33.79,33.46,33.63,4436481.0
2024-05-13,33.58,33.61,33.54,33.57,4648603.0
2024-05-14,33.54,33.9,32.55,32.91,4061961.0
2024-05-15,32.81,33.27,32.45,32.9,6601070.0
2024-05-16,32.82,33.55,32.7,33.43,2560380.0
2024-05-17,33.35,33.58,32.64,32.87,3153385.0
2024-05-20,32.85,33.35,32.25,32.74,3035258.0
2024-05-21,32.77,33.94,31.97,33.14,6143412.0
2024-05-22,32.99,33.4,32.12,32.53,4979832.0
2024-05-23,32.58,32.72,32.51,32.65,2278383.0
2024-05-24,32.57,32.96,31.66,32.05,4664594.0
2024-05-27,31.98,32.84,31.85,32.71,8262630.0
2024-05-28,32.76,34.76,32.08,34.08,4497438.0
2024-05-29,34.08,35.62,33.79,35.33,8055357.0
2024-05-30,35.22,35.5,34.93,35.21,4224135.0
2024-05-31,35.34,35.71,35.31,35.68,3106839.0
2024-06-03,35.62,35.96,35.43,35.77,2305200.0
2024-06-04,35.79,36.21,35.43,35.85,6647986.0
2024-06-05,35.86,37.25,35.45,36.85,5287013.0
2024-06-06,36.95,37.06,35.9,36.01,7426468.0
2024-06-07,35.98,36.89,35.79,36.7,6343025.0
2024-06-10,36.77,37.1,36.35,36.68,2257872.0
2024-06-11,36.63,37.8,36.44,37.62,5936880.0
2024-06-12,37.7,38.15,37.3,37.75,5450130.0
2024-06-13,37.69,38.45,36.57,37.32,2972695.0
2024-06-14,37.29,37.75,37.06,37.51,4586899.0
